vessel_id,vessel_name,vessel_type,dwt,main_engine_fuel_type,aux_engine_fuel_type,aux_boiler_fuel_type,safety_score,P,vref,ael,abl,sfc_me,sfc_ae,sfc_ab,capex_usd,voyage_hours,fuel_me_tonnes,fuel_ae_tonnes,fuel_ab_tonnes,fuel_tonnes,fuel_cost_usd,co2e_tonnes,carbon_cost_usd,ownership_cost_usd,risk_premium_usd,total_cost_usd
10000491,VESSEL_000,Chemical/Products Tanker,107319,DISTILLATE FUEL,DISTILLATE FUEL,DISTILLATE FUEL,2,99248,12.67,9260,1589,175.6,195.3,309.4,78000000.0,139.06866614048934,1938.9452745445935,125.75131160220995,20.51137385635359,2085.207960003157,1157498.9385977527,6787.560430606276,543004.834448502,577375.5,113893.96365231274,2391773.2366985674
10001510,VESSEL_001,Chemical/Products Tanker,247507,DISTILLATE FUEL,DISTILLATE FUEL,DISTILLATE FUEL,3,198160,15.48,16026,3193,165.1,195.3,300.5,90000000.0,113.82428940568475,2979.1200305943153,178.12805825581395,32.76420218992248,3190.0122910400514,1770775.8227563328,10383.809008564473,830704.7206851578,666202.5,0.0,3267683.0434414907
10002020,VESSEL_002,Chemical/Products Tanker,48897,DISTILLATE FUEL,DISTILLATE FUEL,DISTILLATE FUEL,2,56959,14.86,3416,862,173.9,195.7,302.2,53000000.0,118.57335127860027,939.5913709932707,39.63380667563929,9.266379343203228,988.4915570121133,548711.6632974242,3217.6388672301296,257411.10937841036,392319.25,59922.10113379173,1258364.1238096263
10003955,VESSEL_003,Chemical/Products Tanker,126199,DISTILLATE FUEL,DISTILLATE FUEL,DISTILLATE FUEL,1,102299,15.33,7996,1417,165.2,198.5,294.8,90000000.0,114.93803000652316,1553.9432974611873,91.21516542726681,14.40397415264188,1659.562437041096,921223.1088015124,5402.041688812471,432163.3351049977,666202.5,201958.89439065102,2221547.8382971613
10004702,VESSEL_004,Chemical/Products Tanker,44559,DISTILLATE FUEL,DISTILLATE FUEL,DISTILLATE FUEL,2,68062,13.28,5657,892,172.8,203.2,293.7,53000000.0,132.68072289156626,1248.378443566265,76.25840469879519,10.427924656626503,1335.0647729216869,741094.4554488284,4345.769342337382,347661.54738699057,392319.25,74053.76264179095,1555129.01547761
10005701,VESSEL_005,Chemical/Products Tanker,223580,DISTILLATE FUEL,DISTILLATE FUEL,DISTILLATE FUEL,3,259308,13.69,24979,4478,169.9,203.6,300.4,90000000.0,128.70708546384222,4536.299678620891,327.28438249817384,51.940691623082536,4915.524752742148,2728607.790247167,16000.524622650964,1280041.9698120772,666202.5,0.0,4674852.260059244
10006838,VESSEL_006,Chemical/Products Tanker,95088,DISTILLATE FUEL,DISTILLATE FUEL,DISTILLATE FUEL,1,139113,13.57,8909,2146,167.1,207.0,291.5,78000000.0,129.84524686809138,2414.6834731083272,119.72790000000002,24.36775883566691,2558.779131943994,1420378.296142111,8329.081952390894,666326.5561912715,577375.5,266408.0352333383,2930488.387566721
10007489,VESSEL_007,Chemical/Products Tanker,119464,DISTILLATE FUEL,DISTILLATE FUEL,DISTILLATE FUEL,2,133311,13.38,6759,1598,175.7,206.9,302.1,78000000.0,131.68908819133034,2467.6157032825113,92.07945329596414,19.07210133632287,2578.767257914798,1431473.704868505,8394.145301238459,671531.6240990767,577375.5,134019.04144837908,2814399.8704159604
10008612,VESSEL_008,Chemical/Products Tanker,103324,DISTILLATE FUEL,DISTILLATE FUEL,DISTILLATE FUEL,1,87913,13.43,5825,1520,174.6,208.3,299.4,78000000.0,131.19880863737902,1611.0804150469103,79.59487323157113,17.91210102755026,1708.5873893060318,948436.8598037785,5561.622810930064,444929.8248744051,577375.5,197074.21846781837,2167816.403146002
10009891,VESSEL_009,Chemical/Products Tanker,255749,DISTILLATE FUEL,DISTILLATE FUEL,DISTILLATE FUEL,4,378287,14.67,23377,4751,165.6,205.7,292.2,90000000.0,120.10906612133606,6019.321310233129,288.7811643421949,50.022142257668705,6358.124616832993,3529394.9748039944,20696.33144025307,1655706.5152202456,666202.5,-117026.0798004848,5734277.910223755
10010159,VESSEL_010,Chemical/Products Tanker,41042,DISTILLATE FUEL,DISTILLATE FUEL,DISTILLATE FUEL,3,43156,14.03,4116,539,171.2,206.3,294.6,53000000.0,125.58802565930151,742.3063313699218,53.32033034925161,5.982614172487527,801.609275891661,444973.3090474611,2609.3183539549455,208745.46831639565,392319.25,0.0,1046038.0273638568
10011339,VESSEL_011,Chemical/Products Tanker,163077,DISTILLATE FUEL,DISTILLATE FUEL,DISTILLATE FUEL,3,221104,15.14,17957,2864,166.6,201.8,294.4,90000000.0,116.38044914134743,3429.5853271756937,210.86523187582566,29.43825771202113,3669.88881676354,2037155.2821854416,11945.855087446998,955668.4069957598,666202.5,0.0,3659026.189181201
10012358,VESSEL_012,Chemical/Products Tanker,236076,DISTILLATE FUEL,DISTILLATE FUEL,DISTILLATE FUEL,5,358097,13.45,19875,4397,171.4,207.3,307.2,90000000.0,131.00371747211898,6432.578680124909,269.87338940520453,53.08631154200744,6755.5383810721205,3749999.3553331345,21989.952984227857,1759196.2387382286,666202.5,-308769.90470356814,5866628.189367795
10013471,VESSEL_013,Chemical/Products Tanker,55152,DISTILLATE FUEL,DISTILLATE FUEL,DISTILLATE FUEL,3,67686,13.95,5727,859,168.7,197.5,294.4,80000000.0,126.30824372759858,1153.8134989763441,71.43252204301076,9.582612369892473,1234.8286333892474,685453.3743943714,4019.490684545339,321559.2547636271,592180.0,0.0,1599192.6291579986
10014641,VESSEL_014,Chemical/Products Tanker,188964,DISTILLATE FUEL,DISTILLATE FUEL,DISTILLATE FUEL,3,296666,13.26,22209,3859,169.3,195.6,302.2,90000000.0,132.88084464555052,5339.211209387632,288.6225363800905,46.48928569230769,5674.3230314600305,3149816.714763463,18470.488899705542,1477639.1119764433,666202.5,0.0,5293658.326739906
10015246,VESSEL_015,Chemical/Products Tanker,116391,DISTILLATE FUEL,DISTILLATE FUEL,DISTILLATE FUEL,3,96190,13.54,7860,1616,173.0,201.7,301.1,78000000.0,130.13293943870016,1732.4202623338258,103.15390856720828,18.995932005908422,1854.5701029069423,1029471.8641236438,6036.811141972387,482944.89135779097,577375.5,0.0,2089792.2554814348
10016123,VESSEL_016,Chemical/Products Tanker,181288,DISTILLATE FUEL,DISTILLATE FUEL,DISTILLATE FUEL,2,250644,13.6,20456,4094,173.0,196.4,306.7,90000000.0,129.55882352941177,4494.282820235294,260.255069882353,48.803375902941184,4803.341266020589,2666334.736768029,15635.356155023614,1250828.492401889,666202.5,229168.28645849592,4812534.015628414
10017710,VESSEL_017,Chemical/Products Tanker,140541,DISTILLATE FUEL,DISTILLATE FUEL,DISTILLATE FUEL,4,190665,15.08,12640,2326,175.7,207.1,297.0,90000000.0,116.84350132625994,3131.390926312997,152.9331872679045,24.215418381962863,3308.5395319628647,1836570.2941925863,10769.62703049232,861570.1624393857,666202.5,-67286.85913263944,3297056.0974993324
10018763,VESSEL_018,Chemical/Products Tanker,57565,DISTILLATE FUEL,DISTILLATE FUEL,DISTILLATE FUEL,2,89191,12.91,5980,993,178.9,208.2,295.2,80000000.0,136.48334624322231,1742.212087609605,84.96333973663826,12.002356387296667,1839.17778373354,1020927.5877504883,5986.707603831046,478936.6083064837,592180.0,104602.2098028486,2196646.4058598205
10019008,VESSEL_019,Chemical/Products Tanker,57711,DISTILLATE FUEL,DISTILLATE FUEL,DISTILLATE FUEL,5,91515,14.05,5769,1826,179.5,203.4,307.7,80000000.0,125.40925266903913,1648.0724660498222,73.57852402846974,21.13874033594306,1742.789730414235,967422.5793529421,5672.954851471376,453836.38811771007,592180.0,-100671.94837353262,1912767.0190971196
10020253,VESSEL_020,Chemical/Products Tanker,83540,DISTILLATE FUEL,DISTILLATE FUEL,DISTILLATE FUEL,4,124063,13.71,11710,2296,179.0,206.8,303.4,78000000.0,128.51932895696572,2283.2514704011674,155.61300277169948,26.85821612253829,2465.722689295405,1368722.6648278798,8026.173925925472,642093.9140740377,577375.5,-51763.84157803835,2536428.2373238793
10021680,VESSEL_021,Chemical/Products Tanker,16511,DISTILLATE FUEL,DISTILLATE FUEL,DISTILLATE FUEL,4,14549,14.49,731,168,173.2,205.4,303.0,35000000.0,121.60110420979986,245.13681389095927,9.129044817115252,1.8569947826086957,256.1228534906832,142173.79597267826,833.7055003975228,66696.44003180182,259078.75,-9358.979720089601,458590.00628439046
10022469,VESSEL_022,Chemical/Products Tanker,57953,DISTILLATE FUEL,DISTILLATE FUEL,DISTILLATE FUEL,3,54653,13.6,4766,940,169.6,203.1,300.2,80000000.0,129.55882352941177,960.7200109176471,62.704825191176475,10.967983588235294,1034.392819697059,574191.4542138373,3367.0520673958963,269364.1653916717,592180.0,0.0,1435735.619605509
10023283,VESSEL_023,Chemical/Products Tanker,80143,DISTILLATE FUEL,DISTILLATE FUEL,DISTILLATE FUEL,3,79758,15.42,5555,1509,174.5,206.9,300.1,78000000.0,114.26718547341116,1272.2756161867705,65.66532357328146,15.523799334630352,1353.4647390946825,751308.2766714583,4405.6630722271,352453.045778168,577375.5,0.0,1681136.8224496264
10024517,VESSEL_024,Chemical/Products Tanker,180490,DISTILLATE FUEL,DISTILLATE FUEL,DISTILLATE FUEL,3,216472,14.22,19142,2259,179.9,202.0,295.6,90000000.0,123.90998593530239,3860.3722730576656,239.56038002812937,24.822654531645565,4124.755307617441,2289651.6712584416,13426.491001825529,1074119.2801460424,666202.5,0.0,4029973.451404484
10025980,VESSEL_025,Chemical/Products Tanker,106230,DISTILLATE FUEL,DISTILLATE FUEL,DISTILLATE FUEL,4,86298,15.28,6162,1697,179.5,207.8,295.9,78000000.0,115.31413612565446,1429.0180702617804,73.82777693717279,17.371231660994763,1520.2170788599478,843872.5004751572,4948.458613397016,395876.68907176127,577375.5,-36342.49379093837,1780782.1957559802
10026662,VESSEL_026,Chemical/Products Tanker,61677,DISTILLATE FUEL,DISTILLATE FUEL,DISTILLATE FUEL,3,67731,13.68,6245,1307,166.1,198.1,303.4,80000000.0,128.80116959064327,1159.222798491228,79.67218527046784,15.322591570175435,1254.2175753318716,696216.1760667218,4082.603629462774,326608.2903570219,592180.0,0.0,1615004.4664237436
10027758,VESSEL_027,Chemical/Products Tanker,49044,DISTILLATE FUEL,DISTILLATE FUEL,DISTILLATE FUEL,1,59572,15.13,5185,1010,175.5,200.4,295.9,53000000.0,116.45736946463978,974.0388172901521,60.50391235955056,10.441299894249834,1044.9840295439526,580070.6347998481,3401.5275145685196,272122.2011654816,392319.25,124451.20859653299,1368963.2945618627
10028882,VESSEL_028,Chemical/Products Tanker,118564,DISTILLATE FUEL,DISTILLATE FUEL,DISTILLATE FUEL,4,102591,12.52,8350,1225,166.1,201.0,291.0,78000000.0,140.73482428115017,1918.5382304281152,118.1011461661342,15.050533945686901,2051.689910539936,1138893.0693407187,6678.455827798546,534276.4662238837,577375.5,-45010.900711292044,2205534.1348533104
10029313,VESSEL_029,Chemical/Products Tanker,98236,DISTILLATE FUEL,DISTILLATE FUEL,DISTILLATE FUEL,1,108105,12.78,8531,1119,172.0,203.1,295.7,78000000.0,137.8716744913928,2050.8753502347417,119.44140955399062,13.686037197183099,2184.002796985915,1212339.9526068817,7109.147504468852,568731.8003575082,577375.5,235844.72529643902,2594291.978260829
10030349,VESSEL_030,Chemical/Products Tanker,228083,DISTILLATE FUEL,DISTILLATE FUEL,DISTILLATE FUEL,3,242070,14.98,15390,4757,171.9,207.6,293.9,90000000.0,117.62349799732976,3915.623484432577,187.90142082777035,49.33419918424565,4152.859104444592,2305252.088877194,13517.971670877592,1081437.7336702074,666202.5,0.0,4052892.3225474013
10031603,VESSEL_031,Chemical/Products Tanker,148603,DISTILLATE FUEL,DISTILLATE FUEL,DISTILLATE FUEL,1,194662,14.68,19231,2951,169.8,206.9,295.4,90000000.0,120.02724795640327,3173.8668442070853,238.7878423637602,31.38924022070844,3444.043926791554,1911788.7837619917,11210.707386099186,896856.5908879349,666202.5,347484.78746499267,3822332.662114919
10032117,VESSEL_032,Chemical/Products Tanker,199161,DISTILLATE FUEL,DISTILLATE FUEL,DISTILLATE FUEL,2,172214,13.78,14539,1822,178.7,201.6,294.8,90000000.0,127.86647314949202,3148.0359275239475,187.3923058345428,20.60410683309144,3356.0323401915816,1862933.552040347,10924.220870557616,873937.6696446093,666202.5,170153.6860842478,3573227.4077692037
10033075,VESSEL_033,Chemical/Products Tanker,191842,DISTILLATE FUEL,DISTILLATE FUEL,DISTILLATE FUEL,2,254796,13.34,24904,4428,173.3,204.2,298.4,90000000.0,132.0839580209895,4665.854912239882,335.8496687256372,52.357362422788604,5054.061943388308,2805509.7847748506,16451.477031923278,1316118.1625538622,666202.5,239391.52236643565,5027221.969695148
10034611,VESSEL_034,Chemical/Products Tanker,154917,DISTILLATE FUEL,DISTILLATE FUEL,DISTILLATE FUEL,2,135603,13.43,13421,1593,165.3,206.5,306.1,90000000.0,131.19880863737902,2352.675498781832,181.80458350707374,19.192442649292634,2553.672524938199,1417543.618593194,8312.45943592633,664996.7548741064,666202.5,137437.14367336503,2886180.0171406656
10035441,VESSEL_035,Chemical/Products Tanker,57276,DISTILLATE FUEL,DISTILLATE FUEL,DISTILLATE FUEL,3,65700,13.7,5308,1074,165.7,200.6,302.5,80000000.0,128.6131386861314,1120.1165185401462,68.47265757664235,12.535343868613138,1201.1245199854018,666744.2210438965,3909.7804250044805,312782.43400035845,592180.0,0.0,1571706.6550442548
10036674,VESSEL_036,Chemical/Products Tanker,138761,DISTILLATE FUEL,DISTILLATE FUEL,DISTILLATE FUEL,5,179374,15.33,17437,3349,174.5,207.0,303.5,90000000.0,114.93803000652316,2878.118429536856,207.43205342465757,35.04764545988258,3120.5981284213963,1732244.0210867173,10157.858967824484,812628.7174259587,666202.5,-160553.76192563382,3050521.476587042
10037396,VESSEL_037,Chemical/Products Tanker,174118,DISTILLATE FUEL,DISTILLATE FUEL,DISTILLATE FUEL,3,203127,14.14,19718,2815,179.4,208.6,293.9,90000000.0,124.6110325318246,3632.7588942347948,256.2734794059406,30.928277588401695,3919.960651229137,2175970.1574972942,12759.86391581596,1020789.1132652769,666202.5,0.0,3862961.770762571
10038902,VESSEL_038,Chemical/Products Tanker,67563,DISTILLATE FUEL,DISTILLATE FUEL,DISTILLATE FUEL,2,87467,13.51,7241,1211,175.2,200.1,295.2,80000000.0,130.42190969652108,1598.8910626676536,94.48572406365653,13.987248994818652,1707.3640357261288,947757.7762315742,5557.640672692121,444611.2538153697,592180.0,99227.4515023472,2083776.4815492912
10039456,VESSEL_039,Chemical/Products Tanker,43596,DISTILLATE FUEL,DISTILLATE FUEL,DISTILLATE FUEL,3,59177,14.39,5555,1026,177.1,199.2,293.5,53000000.0,122.44614315496872,1026.612630182071,67.74675719249478,11.061698860319666,1105.4210862348855,613619.2449689847,3598.256177803175,287860.494224254,392319.25,0.0,1293798.9891932388
10040278,VESSEL_040,Chemical/Products Tanker,155534,DISTILLATE FUEL,DISTILLATE FUEL,DISTILLATE FUEL,5,140315,13.25,11088,2619,173.4,198.6,303.6,90000000.0,132.9811320754717,2588.410819743396,146.41733289056603,31.721122433207544,2766.5492750671697,1535711.5025897862,9005.394545271145,720431.5636216917,666202.5,-146117.2783105739,2776228.287900904
10041395,VESSEL_041,Chemical/Products Tanker,201771,DISTILLATE FUEL,DISTILLATE FUEL,DISTILLATE FUEL,4,178063,15.21,13401,3252,169.8,208.4,297.8,90000000.0,115.84483892176199,2802.063990469428,161.7639027218935,33.656827360946735,2997.4847205522683,1663903.7683785644,9757.112513869688,780569.001109575,666202.5,-62213.505389762795,3048461.764098377
10042947,VESSEL_042,Chemical/Products Tanker,252476,DISTILLATE FUEL,DISTILLATE FUEL,DISTILLATE FUEL,3,395236,14.53,29297,5900,166.2,196.4,302.0,90000000.0,121.26634549208535,6372.616615465934,348.87908016517554,64.8217123193393,6786.317407950449,3767084.7931532953,22090.141794619503,1767211.3435695602,666202.5,0.0,6200498.636722855
10043132,VESSEL_043,Chemical/Products Tanker,181383,DISTILLATE FUEL,DISTILLATE FUEL,DISTILLATE FUEL,4,254281,14.87,22753,2774,172.4,195.9,301.0,90000000.0,118.49361129791527,4155.622554555481,264.0815392535306,29.68172537995965,4449.385819188971,2469854.0682317982,14483.195780042019,1158655.6624033614,666202.5,-85894.2446127032,4208817.986022457
10044392,VESSEL_044,Chemical/Products Tanker,197419,DISTILLATE FUEL,DISTILLATE FUEL,DISTILLATE FUEL,5,310920,14.56,28557,5804,177.6,201.4,294.5,90000000.0,121.01648351648352,5345.965313406593,348.0058793818681,62.05524387362638,5756.026436662088,3195170.274991125,18736.44165397876,1498915.3323183008,666202.5,-268014.40536547126,5092273.701943954
10045510,VESSEL_045,Chemical/Products Tanker,218503,DISTILLATE FUEL,DISTILLATE FUEL,DISTILLATE FUEL,3,298255,12.74,16177,5925,170.6,200.6,306.3,90000000.0,138.30455259026687,5629.8033209419145,224.40648054945052,75.29967162480376,5929.509473116169,3291470.7085267855,19301.14628594044,1544091.7028752351,666202.5,0.0,5501764.911402021
10046172,VESSEL_046,Chemical/Products Tanker,239837,DISTILLATE FUEL,DISTILLATE FUEL,DISTILLATE FUEL,1,327749,13.95,22581,5588,168.7,200.0,298.7,90000000.0,126.30824372759858,5586.993181396416,285.21664516129033,63.24767585376345,5935.457502411469,3294772.4595886073,19320.507716099575,1545640.617287966,666202.5,550661.5576876573,6057277.13456423
10047189,VESSEL_047,Chemical/Products Tanker,17048,DISTILLATE FUEL,DISTILLATE FUEL,DISTILLATE FUEL,4,20030,12.67,1120,223,174.7,206.2,301.7,35000000.0,139.06866614048934,389.3078226992896,16.058537016574586,2.8069244088397785,408.17328412470397,226576.99001762315,1328.6448571543237,106291.5885723459,259078.75,-11838.946571799383,580108.3820181697
10048212,VESSEL_048,Chemical/Products Tanker,113703,DISTILLATE FUEL,DISTILLATE FUEL,DISTILLATE FUEL,2,139024,13.81,12526,2749,173.3,199.8,290.9,78000000.0,127.58870383779869,2459.181341659667,159.65779281679943,30.609197339608976,2649.4483318160756,1470708.7689911036,8624.219264894506,689937.5411915604,577375.5,136901.0905091332,2874922.9006917975
10049372,VESSEL_049,Chemical/Products Tanker,261032,DISTILLATE FUEL,DISTILLATE FUEL,DISTILLATE FUEL,3,224236,14.16,22079,3415,174.4,205.4,299.1,90000000.0,124.43502824858757,3893.0004689717516,282.15808153954805,38.13037061440678,4213.288921125707,2338796.6801168793,13714.676767156285,1097174.1413725028,666202.5,0.0,4102173.321489382
10050675,VESSEL_050,Chemical/Products Tanker,187450,DISTILLATE FUEL,DISTILLATE FUEL,DISTILLATE FUEL,5,287211,15.38,15191,4005,166.6,200.0,293.4,90000000.0,114.56436931079323,4385.464722039011,174.03473342002601,40.38624292587776,4599.885698384915,2553396.551173466,14973.087936812735,1197847.0349450188,666202.5,-220872.30430592425,4196573.781812561
10051928,VESSEL_051,Chemical/Products Tanker,129480,DISTILLATE FUEL,DISTILLATE FUEL,DISTILLATE FUEL,2,140186,14.25,7554,2767,179.8,205.5,300.7,90000000.0,123.64912280701755,2493.3047137459653,95.97317242105264,30.864189848421056,2620.142076015439,1454440.86639617,8528.824471637854,682305.9577310283,666202.5,140147.4662063599,2943096.790333558
10052797,VESSEL_052,Chemical/Products Tanker,116433,DISTILLATE FUEL,DISTILLATE FUEL,DISTILLATE FUEL,1,105552,12.73,10241,1495,173.7,208.8,291.7,78000000.0,138.41319717203456,2030.1763889269441,147.98590925373134,18.108245632364493,2196.2705438130397,1219149.7788706187,7149.080247165826,571926.4197732661,577375.5,236845.16986438847,2605296.8685082733
10053062,VESSEL_053,Chemical/Products Tanker,229490,DISTILLATE FUEL,DISTILLATE FUEL,DISTILLATE FUEL,4,191894,12.58,13206,3474,179.8,197.3,301.9,90000000.0,140.06359300476947,3866.0399106136733,182.47091317965024,44.069634114467405,4092.5804579077912,2271791.4121846147,13321.758648535648,1065740.6918828518,666202.5,-80074.69208134932,3923659.911986117
10054644,VESSEL_054,Chemical/Products Tanker,117801,LNG,DISTILLATE FUEL,DISTILLATE FUEL,4,100226,12.61,5682,1015,166.1,205.4,300.7,109200000.0,139.73037272006346,1860.9334187597146,81.53845731958764,12.794153076923077,1955.2660291562254,1392236.0935380976,5478.8751908477425,438310.0152678194,808325.7000000001,-52777.43617611834,2586094.3726297985
10055050,VESSEL_055,Chemical/Products Tanker,260295,LNG,DISTILLATE FUEL,DISTILLATE FUEL,5,323897,14.81,31495,5990,168.7,201.8,292.6,125999999.99999999,118.97366644159351,5200.712432777852,378.079930519919,62.55661555705605,5641.348978854827,3989110.298327382,15887.875978689728,1271030.0782951782,932683.5,-309641.193831128,5883182.682791432
10056305,VESSEL_056,Chemical/Products Tanker,89886,LNG,DISTILLATE FUEL,DISTILLATE FUEL,4,126344,12.64,8014,1291,172.5,202.1,306.6,109200000.0,139.39873417721518,2430.4827265822782,112.88714409810125,16.553067180379745,2559.9229378607592,1821799.824419925,7176.016901313723,574081.3521050978,808325.7000000001,-64084.13753050046,3140122.7389945225
10057852,VESSEL_057,Chemical/Products Tanker,226195,LNG,DISTILLATE FUEL,DISTILLATE FUEL,3,280827,14.18,26350,3941,167.0,195.4,305.1,125999999.99999999,124.25952045133992,4662.029227531735,319.89308815232727,44.822860667136815,5026.745176351199,3559114.8670125334,14143.665412697059,1131493.2330157647,932683.5,0.0,5623291.600028298
10058334,VESSEL_058,Chemical/Products Tanker,175958,LNG,DISTILLATE FUEL,DISTILLATE FUEL,4,226365,14.41,17597,2469,175.9,203.2,299.0,125999999.99999999,122.2761970853574,3894.996106426094,218.61213479528104,27.08042377515614,4140.688664996531,2940781.1358892373,11624.532276576709,929962.5821261366,932683.5,-96068.54436030748,4707358.673655067
10059983,VESSEL_059,Chemical/Products Tanker,118640,LNG,DISTILLATE FUEL,DISTILLATE FUEL,4,153956,15.09,15007,1765,178.9,202.4,295.2,109200000.0,116.7660702451955,2572.8449272789926,177.33361171636847,18.251517614314118,2768.4300566096754,1961017.6529323368,7786.971134131717,622957.6907305374,808325.7000000001,-67846.0208732575,3324455.022789617
10060911,VESSEL_060,Chemical/Products Tanker,35860,LNG,DISTILLATE FUEL,DISTILLATE FUEL,2,34688,14.24,2326,533,171.9,203.8,298.0,49000000.0,123.73595505617978,590.2568542921349,29.3278218258427,5.896043005617977,625.4807191235956,444537.70245828095,1755.0695390188744,140405.56312150994,362710.25,47382.67577898955,995036.1913587805
10061402,VESSEL_061,Chemical/Products Tanker,176316,LNG,DISTILLATE FUEL,DISTILLATE FUEL,5,166707,13.54,15810,2457,175.0,197.6,293.8,125999999.99999999,130.13293943870016,3037.1700709010347,203.27129512555393,28.18158676218612,3268.622952788775,2315241.94578463,9194.153478377393,735532.2782701915,932683.5,-199172.88620274107,3784284.8378520804
10062922,VESSEL_062,Chemical/Products Tanker,219021,LNG,DISTILLATE FUEL,DISTILLATE FUEL,2,180790,14.15,13870,2451,178.4,196.9,296.6,125999999.99999999,124.52296819787986,3212.9850590530036,170.03629985865723,27.157211643816254,3410.1785705554776,2422811.360753186,9571.252026158856,765700.1620927085,932683.5,206059.75114229473,4327254.773988189
10063256,VESSEL_063,Chemical/Products Tanker,34314,LNG,DISTILLATE FUEL,DISTILLATE FUEL,2,49397,14.38,2671,925,178.8,195.9,295.5,49000000.0,122.53129346314324,865.775104489569,32.05718226008345,10.047719228094575,907.880005977747,646730.5060485774,2543.174546476354,203453.9637181083,362710.25,60644.73598833429,1273539.45575502
10064698,VESSEL_064,Chemical/Products Tanker,44985,LNG,DISTILLATE FUEL,DISTILLATE FUEL,4,55299,15.27,3417,973,173.0,205.8,291.2,74200000.0,115.38965291421087,883.1210464440079,40.57207508840864,9.808268196463652,933.5013897288802,663813.2819971181,2618.3189116514523,209465.51293211617,549246.9500000001,-28450.51489858469,1394075.2300306498
10065014,VESSEL_065,Chemical/Products Tanker,84623,LNG,DISTILLATE FUEL,DISTILLATE FUEL,4,115992,15.19,8767,1777,166.6,201.7,300.7,109200000.0,115.99736668861094,1793.2512867096777,102.55929795260039,18.594745591836734,1914.405330254115,1358393.5360024853,5378.082840600698,430246.6272480558,808325.7000000001,-51939.317265010824,2545026.54598553
10066393,VESSEL_066,Chemical/Products Tanker,49789,LNG,DISTILLATE FUEL,DISTILLATE FUEL,3,62295,15.02,3392,956,168.5,200.1,299.5,74200000.0,117.31025299600533,985.0971299600533,39.81153363515313,10.076551877496673,1034.9852154727032,736962.8098393102,2900.1233958807084,232009.87167045666,549246.9500000001,0.0,1518219.631509767
10067424,VESSEL_067,Chemical/Products Tanker,211322,LNG,DISTILLATE FUEL,DISTILLATE FUEL,4,253323,12.76,19469,4019,176.2,201.5,292.6,125999999.99999999,138.08777429467085,4930.894871548589,270.85941093260186,48.715684862068976,5250.469967343261,3727640.443190606,14743.945376585494,1179515.6301268395,932683.5,-116796.79146634892,5723042.781851097
10068623,VESSEL_068,Chemical/Products Tanker,104690,LNG,DISTILLATE FUEL,DISTILLATE FUEL,4,104217,13.99,6932,2015,165.1,198.4,297.3,109200000.0,125.94710507505361,1733.6595537040746,86.60808097212295,22.634942937812724,1842.9025776140102,1308875.681239339,5173.69691580591,413895.7532644728,808325.7000000001,-50621.94269007624,2480475.1918137358
10069547,VESSEL_069,Chemical/Products Tanker,62964,LNG,DISTILLATE FUEL,DISTILLATE FUEL,5,59769,13.36,3506,1133,166.2,202.9,298.2,112000000.0,131.88622754491018,1048.0848469221557,46.90978139221557,13.367747991017964,1108.3623763053893,788081.1463445851,3108.994388219073,248719.55105752582,829052.0,-93292.63487010554,1772560.0625320054
10070714,VESSEL_070,Chemical/Products Tanker,260441,LNG,DISTILLATE FUEL,DISTILLATE FUEL,4,399494,12.52,39451,5955,175.8,207.3,304.4,125999999.99999999,140.73482428115017,7907.163044242813,575.4782281389778,76.53308923322683,8559.174361615018,6055088.874128136,24097.554213585674,1927804.337086854,932683.5,-178311.5342242998,8737265.17699069
10071558,VESSEL_071,Chemical/Products Tanker,159966,LNG,DISTILLATE FUEL,DISTILLATE FUEL,5,163802,14.81,9722,2168,171.4,202.6,294.8,125999999.99999999,118.97366644159351,2672.2116328750844,117.16985909520594,22.811763338284944,2812.1932553085753,2001696.1742828912,7882.131138688047,630570.4910950437,932683.5,-178247.50826889675,3386702.657109038
10072649,VESSEL_072,Chemical/Products Tanker,191979,LNG,DISTILLATE FUEL,DISTILLATE FUEL,4,231312,15.3,15274,3686,170.5,201.8,301.0,125999999.99999999,115.16339869281045,3633.5154170980386,177.4836803398693,38.331653568627445,3849.3307510065356,2735930.192163195,10800.584864833561,864046.7891866849,932683.5,-90653.2096269976,4442007.271722882
10073418,VESSEL_073,Chemical/Products Tanker,258719,LNG,DISTILLATE FUEL,DISTILLATE FUEL,4,273694,14.93,17169,4602,176.4,203.9,299.4,125999999.99999999,118.01741460147355,4558.268895335566,206.5752690622907,48.782691874079035,4813.626856271936,3423702.808757387,13499.328699115817,1079946.2959292652,932683.5,-108726.65209373305,5327605.95259292
10074269,VESSEL_074,Chemical/Products Tanker,107386,LNG,DISTILLATE FUEL,DISTILLATE FUEL,4,101479,12.7,8834,1597,177.6,197.1,305.9,109200000.0,138.74015748031496,2000.3745036094492,120.78589081889764,20.3332982503937,2141.493692678741,1518604.9044511672,6018.697874045652,481495.8299236521,808325.7000000001,-56168.52868749639,2752257.9056873233
10075401,VESSEL_075,Chemical/Products Tanker,213768,LNG,DISTILLATE FUEL,DISTILLATE FUEL,4,312125,13.06,19284,5099,178.6,199.7,301.8,125999999.99999999,134.91577335375192,6016.760493108729,259.7813199693721,62.285682735068924,6338.82749581317,4510846.94823952,17769.840224926353,1421587.2179941083,932683.5,-137302.3533246726,6727815.312908957
10076973,VESSEL_076,Chemical/Products Tanker,178450,Methanol,DISTILLATE FUEL,DISTILLATE FUEL,1,208812,13.4,18246,3137,168.5,208.5,297.7,117000000.0,131.49253731343282,3701.2332157611936,250.1179381343283,36.83966851791043,3988.190822413432,4136635.3811096353,6205.001927979219,496400.1542383375,866063.25,549909.8785347973,6049008.663882771
10077622,VESSEL_077,Chemical/Products Tanker,49017,Methanol,DISTILLATE FUEL,DISTILLATE FUEL,2,48194,14.13,3449,642,176.0,205.4,293.3,68900000.0,124.69922151450814,846.173402859165,44.16999806086341,7.044206649681529,897.38760756971,937726.9437472823,1371.742900765032,109739.43206120255,510015.02499999997,77874.07004042424,1635355.470848909
10078521,VESSEL_078,Chemical/Products Tanker,144533,Methanol,DISTILLATE FUEL,DISTILLATE FUEL,5,206809,12.96,13563,2581,176.2,195.5,301.4,117000000.0,135.95679012345678,3963.3846975061733,180.2492350694444,31.728782657407404,4175.3627152330255,4376722.19358031,6334.265793221217,506741.26345769735,866063.25,-287476.3353519004,5462050.3716861075
10079647,VESSEL_079,Chemical/Products Tanker,122772,Methanol,DISTILLATE FUEL,DISTILLATE FUEL,3,172336,12.81,13239,2376,171.9,204.1,300.0,117000000.0,137.5487900078064,3259.857729948478,185.83391037470722,29.413433255269318,3475.1050735784547,3622526.9170516348,5343.015021469565,427441.2017175652,866063.25,0.0,4916031.3687692005
10080841,VESSEL_080,Chemical/Products Tanker,63393,Methanol,DISTILLATE FUEL,DISTILLATE FUEL,4,87230,14.42,7388,1345,168.8,200.2,293.6,104000000.0,122.19140083217754,1439.358396005548,90.36528194174755,14.475721997226078,1544.1993999445217,1604931.773634086,2391.0582436732543,191284.65949386035,769834.0,-51321.008662558925,2514729.424465387
10081992,VESSEL_081,Chemical/Products Tanker,96633,Methanol,DISTILLATE FUEL,DISTILLATE FUEL,2,94882,13.77,6110,1532,178.7,197.1,292.0,101400000.0,127.9593318809005,1735.6826963427739,77.04949607843137,17.172551808278865,1829.904744229484,1917467.2842718577,2778.487915937775,222279.033275022,750588.15,144516.723377344,3034851.190924224
10082295,VESSEL_082,Chemical/Products Tanker,40645,Methanol,DISTILLATE FUEL,DISTILLATE FUEL,5,62512,14.62,3602,985,174.1,201.4,304.7,68900000.0,120.51983584131328,1049.326603031464,43.715123584131334,10.85146742134063,1103.893194036936,1157896.2822847485,1671.9657257590197,133757.25806072156,510015.02499999997,-90083.4282672735,1711585.1370781963
10083949,VESSEL_083,Chemical/Products Tanker,182564,Methanol,DISTILLATE FUEL,DISTILLATE FUEL,4,279059,12.87,17244,3252,167.8,207.6,296.6,117000000.0,136.90753690753692,5128.676833094018,245.05452419580422,39.61597012587413,5413.347327415696,5669296.7162407935,8230.379604075686,658430.3683260549,866063.25,-143875.80669133697,7049914.527875511
10084074,VESSEL_084,Chemical/Products Tanker,127062,Methanol,DISTILLATE FUEL,DISTILLATE FUEL,1,107216,13.51,9664,1077,170.0,201.0,300.7,117000000.0,130.42190969652108,1901.73090392302,126.66993219837155,12.671293230199849,2041.0721293515912,2120948.3435910773,3161.8246031693157,252945.96825354526,866063.25,323995.7561844623,3563953.318029085
10085024,VESSEL_085,Chemical/Products Tanker,196806,Methanol,DISTILLATE FUEL,DISTILLATE FUEL,5,230767,13.94,22135,3662,165.5,208.7,295.0,117000000.0,126.39885222381636,3861.933752482066,291.9544572812052,40.964224820659965,4194.852434583931,4334837.170851974,6583.463459019492,526677.0767215594,866063.25,-286378.87487867667,5441198.6226948565
10086688,VESSEL_086,Chemical/Products Tanker,123529,Methanol,DISTILLATE FUEL,DISTILLATE FUEL,4,134636,14.24,10988,1363,175.0,197.7,309.2,117000000.0,123.73595505617978,2332.3039662921346,134.39751514044943,15.644169421348312,2482.345650853932,2589581.9812777815,3809.8347658137372,304786.78126509895,866063.25,-75208.64025085761,3685223.372292023
10087951,VESSEL_087,Chemical/Products Tanker,164690,Ammonia,DISTILLATE FUEL,DISTILLATE FUEL,3,245143,14.11,14518,3185,169.6,201.0,298.5,125999999.99999999,124.87597448618001,4153.500067107017,182.20141445783133,35.61671959603118,4371.31820116088,3211114.8961409195,912.9566614536824,73036.53291629459,932683.5,0.0,4216834.929057214
10088987,VESSEL_088,Chemical/Products Tanker,200265,Ammonia,DISTILLATE FUEL,DISTILLATE FUEL,3,166068,13.92,12993,1769,176.6,201.8,300.5,125999999.99999999,126.58045977011494,2969.8417646896546,165.94618530172417,20.186463124999996,3155.974413116379,2312884.506070778,751.6996145400918,60135.969163207345,932683.5,0.0,3305703.975233985
10089978,VESSEL_089,Chemical/Products Tanker,156733,Ammonia,DISTILLATE FUEL,DISTILLATE FUEL,3,187705,14.8,10351,2504,166.1,206.3,295.4,125999999.99999999,119.05405405405405,2969.4748368108103,127.11468616891891,26.41862795675675,3123.008150936486,2294515.621258406,645.5675052978975,51645.4004238318,932683.5,0.0,3278844.5216822377
10090327,VESSEL_090,Chemical/Products Tanker,173741,Ammonia,DISTILLATE FUEL,DISTILLATE FUEL,3,160697,14.65,13329,1650,168.3,198.5,303.4,125999999.99999999,120.27303754266211,2602.2567965160415,159.1095922525597,18.06296559726962,2779.429354365871,2034427.543470375,704.4852017659172,56358.816141273375,932683.5,0.0,3023469.859611648
10091119,VESSEL_091,Chemical/Products Tanker,117376,Ammonia,DISTILLATE FUEL,DISTILLATE FUEL,4,169013,13.04,13966,2092,166.5,198.6,304.4,109200000.0,135.1226993865031,3041.954039815951,187.39137542944786,25.814035067484667,3255.1594503128836,2381564.1289899154,843.3648750635282,67469.19000508226,808325.7000000001,-65147.18037989995,3192211.8386150976
10092284,VESSEL_092,Chemical/Products Tanker,190743,Ammonia,DISTILLATE FUEL,DISTILLATE FUEL,3,202034,12.76,16498,3507,177.7,196.8,307.5,125999999.99999999,138.08777429467085,3966.040153705329,224.1721346708464,44.674260305642626,4234.886548681818,3099970.5082082143,1069.854471834901,85588.35774679208,932683.5,0.0,4118242.3659550063
10093260,VESSEL_093,Chemical/Products Tanker,150504,Ammonia,DISTILLATE FUEL,DISTILLATE FUEL,2,227884,14.95,15288,2870,170.7,203.9,295.4,125999999.99999999,117.85953177257525,3667.7696580923075,183.69723339130434,29.976322595317725,3881.44321407893,2847430.816548851,875.6162823043858,70049.30258435087,932683.5,192508.1809566601,4042671.800089862
10094726,VESSEL_094,Chemical/Products Tanker,142545,Ammonia,DISTILLATE FUEL,DISTILLATE FUEL,3,212229,13.16,20952,3777,166.7,203.5,309.7,125999999.99999999,133.89057750759878,3789.4861955379934,285.4367699088146,46.985024721884486,4121.907990168693,3003905.067679768,1268.1299559033039,101450.39647226431,932683.5,0.0,4038038.9641520325
10095234,VESSEL_095,Chemical/Products Tanker,201306,Ethanol,DISTILLATE FUEL,DISTILLATE FUEL,5,229524,12.57,14559,3538,174.5,198.9,292.8,108000000.0,140.1750198886237,4491.424964582339,202.95836699284007,43.563301116945105,4737.946632692124,6636834.386711302,9615.077604871169,769206.2083896935,799443.0,-410274.1797550498,7795209.415345946
10096587,VESSEL_096,Chemical/Products Tanker,188776,Ethanol,DISTILLATE FUEL,DISTILLATE FUEL,5,275248,14.09,24979,4123,166.0,201.1,299.9,108000000.0,125.05322924059617,4571.0624849396745,314.08849885734566,46.388033940383245,4931.539017737403,6815342.151560717,10142.268863610025,811381.5090888019,799443.0,-421308.333032476,8004858.327617044
10097454,VESSEL_097,Chemical/Products Tanker,181642,Ethanol,DISTILLATE FUEL,DISTILLATE FUEL,5,146911,12.91,13956,2752,174.0,204.0,303.3,108000000.0,136.48334624322231,2791.085959287374,194.2856811773819,34.17604134469404,3019.54768180945,4166078.7024526917,6220.055513699366,497604.44109594927,799443.0,-273156.30717743206,5189969.8363712095
10098028,VESSEL_098,Chemical/Products Tanker,193799,Ethanol,DISTILLATE FUEL,DISTILLATE FUEL,3,274561,13.77,18586,5377,167.8,196.4,305.4,108000000.0,127.9593318809005,4716.205878262891,233.54436037763256,63.037979947712415,5012.788218588236,6989926.004136656,10219.072729732648,817525.8183786119,799443.0,0.0,8606894.822515268
10099757,VESSEL_099,Chemical/Products Tanker,187702,Ethanol,DISTILLATE FUEL,DISTILLATE FUEL,5,193512,13.57,16632,2510,173.5,202.1,303.3,108000000.0,129.84524686809138,3487.573941577008,218.22618004421517,29.654693721444364,3735.4548153426676,5184815.681277564,7649.845862962847,611987.6690370278,799443.0,-329812.3175157296,6266434.032798861
10100449,VESSEL_100,Chemical/Products Tanker,71602,LPG (Butane),DISTILLATE FUEL,DISTILLATE FUEL,2,88205,12.99,8121,1628,179.3,197.3,302.5,108000000.0,135.64280215550423,1716.1697153502696,108.66842011547344,20.04000323325635,1844.8781386989995,1247880.3856734897,5703.216959377464,456257.3567501971,799443.0,125179.03712118434,2628759.779544871
10101228,VESSEL_101,Chemical/Products Tanker,67028,LPG (Butane),DISTILLATE FUEL,DISTILLATE FUEL,4,57651,14.68,4310,973,171.5,198.7,306.4,108000000.0,120.02724795640327,949.3815876294279,51.39548753405994,10.735016207084467,1011.5120913705723,685289.720946682,3125.48184919757,250038.54793580563,799443.0,-34695.42537764976,1700075.843504838
10102338,VESSEL_102,Chemical/Products Tanker,50237,LPG (Butane),DISTILLATE FUEL,DISTILLATE FUEL,4,72640,15.39,6501,1228,172.8,196.3,309.2,71550000.0,114.48992852501624,1149.6796519298246,73.05294933723196,13.04146532553606,1235.7740665925926,835896.4109771973,3820.224545425898,305617.9636340719,529630.9875,-33422.90724222539,1637722.4548690438
10103921,VESSEL_103,Chemical/Products Tanker,161577,LPG (Propane),DISTILLATE FUEL,DISTILLATE FUEL,4,233519,14.48,19758,4318,168.7,202.3,294.4,117000000.0,121.68508287292818,3834.9935159447514,243.1902786878453,46.40652411049723,4124.590318743094,2824158.18205699,12635.945282256025,1010875.622580482,866063.25,-94021.94109274945,4607075.113544723
10104882,VESSEL_104,Chemical/Products Tanker,48363,LPG (Propane),DISTILLATE FUEL,DISTILLATE FUEL,4,61450,15.5,4780,905,169.7,196.8,304.6,68900000.0,113.6774193548387,948.3484144516128,53.46840154838709,9.40099753548387,1011.2178135354837,693526.7772681019,3096.2553314623206,247700.42651698564,510015.02499999997,-29024.84457570175,1422217.3842093858
10105272,VESSEL_105,Chemical/Products Tanker,193542,LPG (Propane),DISTILLATE FUEL,DISTILLATE FUEL,5,305186,15.33,22495,5682,177.7,199.8,306.6,117000000.0,114.93803000652316,4986.614219251142,258.29454540117416,60.07010400000001,5304.978868652316,3639927.7921525096,16240.994186184416,1299279.5348947532,866063.25,-290263.5288523631,5515007.048194899
10106515,VESSEL_106,Chemical/Products Tanker,156352,Hydrogen,DISTILLATE FUEL,DISTILLATE FUEL,5,185254,15.15,14174,2669,171.1,203.6,306.1,99000000.00000001,116.3036303630363,2949.1771597518155,167.81604345874587,28.505353382178217,3145.4985565927395,17804040.96589729,639.045778856892,51123.66230855136,732822.7500000001,-929399.368910292,17658588.00929555
10107413,VESSEL_107,Chemical/Products Tanker,165386,Hydrogen,DISTILLATE FUEL,DISTILLATE FUEL,2,174483,14.38,16453,2819,168.5,195.4,307.4,99000000.00000001,122.53129346314324,2881.9738109040327,196.96392018080667,31.854237354659244,3110.7919684394988,17418859.824672136,744.825984593695,59586.0787674956,732822.7500000001,910563.4326719817,19121832.086111616
